<?xml version="1.0" encoding="UTF-8"?>
<window id="1115" type="dialog">
	<defaultcontrol always="true">90200</defaultcontrol>
	<coordinates>
		<system>1</system>
		<left>199</left>
		<top>210</top>
	</coordinates>
	<include>DialogOpenCloseAnimation</include>
	<controls>
		<control type="image">
			<width>1522</width>
			<height>660</height>
			<texture border="40">dialogs/default/bg.png</texture>
		</control>
		<control type="label" id="2">
			<left>30</left>
			<top>32</top>
			<width>1462</width>
			<height>40</height>
			<font>font15_title</font>
			<label>19181</label>
			<align>center</align>
			<textcolor>dialogheader</textcolor>
		</control>
		<control type="grouplist" id="90200">
			<left>33</left>
			<top>88</top>
			<width>1452</width>
			<height>540</height>
			<pagecontrol>6</pagecontrol>
			<onup>90200</onup>
			<ondown>90200</ondown>
			<onleft>6</onleft>
			<onright>6</onright>
			<control type="radiobutton" id="90201">
				<width>1452</width>
				<radioposx>1350</radioposx>
				<label>$LOCALIZE[31508]</label>
				<onclick>Skin.ToggleSetting(VideoOSDOnTop)</onclick>
				<selected>Skin.HasSetting(VideoOSDOnTop)</selected>
			</control>
			<control type="radiobutton" id="90202">
				<width>1452</width>
				<radioposx>1350</radioposx>
				<label>$LOCALIZE[31606]</label>
				<onclick>Skin.ToggleSetting(Disable.FullscreenInfoLogo)</onclick>
				<selected>!Skin.HasSetting(Disable.FullscreenInfoLogo)</selected>
			</control>
			<control type="radiobutton" id="90203">
				<width>1452</width>
				<radioposx>1350</radioposx>
				<label>$LOCALIZE[20021]</label>
				<onclick>Skin.ToggleSetting(Disable.FullscreenPoster)</onclick>
				<selected>!Skin.HasSetting(Disable.FullscreenPoster)</selected>
			</control>
			<control type="radiobutton" id="90204">
				<width>1452</width>
				<radioposx>1350</radioposx>
				<label>   - $LOCALIZE[31609]</label>
				<onclick>Skin.ToggleSetting(Disable.FullscreenDiscart)</onclick>
				<selected>!Skin.HasSetting(Disable.FullscreenDiscart)</selected>
				<visible>!Skin.HasSetting(Disable.FullscreenPoster)</visible>
			</control>
			<control type="radiobutton" id="90205">
				<width>1452</width>
				<radioposx>1350</radioposx>
				<label>$LOCALIZE[31605]</label>
				<onclick>Skin.ToggleSetting(SwapFullscreenInfo)</onclick>
				<selected>Skin.HasSetting(SwapFullscreenInfo)</selected>
				<visible>Skin.HasSetting(Disable.FullscreenPoster)</visible>
			</control>
			<control type="radiobutton" id="90206">
				<width>1452</width>
				<radioposx>1350</radioposx>
				<label>$LOCALIZE[31437]</label>
				<onclick>Skin.ToggleSetting(PausedLabel)</onclick>
				<selected>Skin.HasSetting(PausedLabel)</selected>
			</control>
			<control type="radiobutton" id="90207">
				<width>1452</width>
				<radioposx>1350</radioposx>
				<label>$LOCALIZE[31351]</label>
				<onclick>Skin.ToggleSetting(Disable.Netflix.Pause)</onclick>
				<selected>!Skin.HasSetting(Disable.Netflix.Pause)</selected>
			</control>
			<control type="button" id="90208">
				<width>1452</width>
				<label>$LOCALIZE[31224]</label>
				<label2>[COLOR $VAR[ThemeLabelColor]]$VAR[OSDRightLabelOnClickLabelVar][/COLOR]</label2>
				<onclick>$VAR[OSDRightLabelOnClickVar]</onclick>
			</control>
			<control type="radiobutton" id="90209">
				<width>1452</width>
				<radioposx>1350</radioposx>
				<label>$LOCALIZE[31266]</label>
				<onclick>Skin.ToggleSetting(Disable.PlayerControlButtons)</onclick>
				<selected>Skin.HasSetting(Disable.PlayerControlButtons)</selected>
			</control>
		</control>
		<control type="scrollbar" id="6">
			<left>1480</left>
			<top>88</top>
			<width>8</width>
			<height>540</height>
			<texturesliderbackground />
			<texturesliderbar colordiffuse="80FFFFFF" border="1">scrollbar/texturesliderbar2.png</texturesliderbar>
			<texturesliderbarfocus border="1">scrollbar/texturesliderbar2.png</texturesliderbarfocus>
			<onleft>90200</onleft>
			<onright>90200</onright>
			<showonepage>false</showonepage>
		</control>
	</controls>
</window>